channel,spend,expected_incremental_value
referral,80000.0,1692704.732701563
paid_search,146666.66666666666,731869.2158726414
affiliate,100000.0,423198.00703440607
organic,50000.0,1732427.554390179
social_ads,123333.33333333333,346670.1430895901
