channel,incremental_ltv,avg_cost
referral,21.220445742780203,1.0029130459823217
paid_search,14.959839656891525,2.997953416756233
affiliate,10.564799965530783,2.496420065766487
organic,6.936258841222731,0.200189001371094
social_ads,5.62244185368215,2.0002717543179385
